{
  "info": {
    "name": "FastAPI Excel Processor",
    "_postman_id": "excel-fastapi-collection",
    "description": "Postman collection for testing FastAPI Excel Processor endpoints.",
    "schema": "https://schema.getpostman.com/json/collection/v2.1.0/collection.json"
  },
  "item": [
    {
      "name": "List Tables",
      "request": {
        "method": "GET",
        "header": [],
        "url": {
          "raw": "http://127.0.0.1:9090/list_tables",
          "protocol": "http",
          "host": [
            "127.0.0.1"
          ],
          "port": "9090",
          "path": [
            "list_tables"
          ]
        }
      }
    },
    {
      "name": "Get Table Details",
      "request": {
        "method": "GET",
        "header": [],
        "url": {
          "raw": "http://127.0.0.1:9090/get_table_details?table_name=CapBudgWS",
          "protocol": "http",
          "host": [
            "127.0.0.1"
          ],
          "port": "9090",
          "path": [
            "get_table_details"
          ],
          "query": [
            {
              "key": "table_name",
              "value": "CapBudgWS"
            }
          ]
        }
      }
    },
    {
      "name": "Row Sum",
      "request": {
        "method": "GET",
        "header": [],
        "url": {
          "raw": "http://127.0.0.1:9090/row_sum?table_name=CapBudgWS&row_name=Tax Credit (if any )=",
          "protocol": "http",
          "host": [
            "127.0.0.1"
          ],
          "port": "9090",
          "path": [
            "row_sum"
          ],
          "query": [
            {
              "key": "table_name",
              "value": "CapBudgWS"
            },
            {
              "key": "row_name",
              "value": "Tax Credit (if any )="
            }
          ]
        }
      }
    }
  ]
}